,mesh_size,matrix_dim,mean_cg_it,std_cg_it,mean_residuals,std_residuals,mean_approx_rank,std_approx_rank
0,0.1,686,1.0,0.0,[1.00000000e+00 1.10311416e-09],[0.00000000e+00 2.99950514e-10],100.0,0.0
1,0.09,862,1.0,0.0,[1.00000000e+00 7.09360959e-10],[0.00000000e+00 9.58157823e-11],100.0,0.0
2,0.07,1422,1.0,0.0,[1.00000000e+00 1.65412473e-09],[0.00000000e+00 4.51889821e-11],100.0,0.0
3,0.05,2821,1.0,0.0,[1.00000000e+00 1.12086629e-09],[0.00000000e+00 3.86833686e-10],100.0,0.0
4,0.03,7901,1.0,0.0,[1.00000000e+00 1.32821543e-09],[0.00000000e+00 1.68469094e-10],100.0,0.0
5,0.01,72059,1.0,0.0,[1.00000000e+00 5.59402996e-09],[0.00000000e+00 2.29135689e-09],100.0,0.0
6,0.009,89048,1.0,0.0,[1.0000000e+00 6.0235486e-09],[0.0000000e+00 1.3956601e-09],100.0,0.0
