,mesh_size,matrix_dim,mean_cg_it,std_cg_it,mean_residuals,std_residuals,mean_approx_rank,std_approx_rank
0,0.1,686,2.0,0.0,[1.00000000e+00 3.93065858e-08 1.08732835e-10],[0.00000000e+00 5.73208819e-09 3.78109205e-12],100.0,0.0
1,0.09,862,2.0,0.0,[1.00000000e+00 5.91913840e-08 8.96987054e-11],[0.00000000e+00 1.13038549e-08 7.17909087e-12],100.0,0.0
2,0.07,1422,2.0,0.0,[1.00000000e+00 1.41237177e-07 9.67624359e-11],[0.00000000e+00 3.27431883e-08 3.27480726e-12],100.0,0.0
3,0.05,2821,2.0,0.0,[1.00000000e+00 9.47414756e-08 5.94075116e-11],[0.00000000e+00 1.60392965e-08 9.28226398e-13],100.0,0.0
4,0.03,7901,2.0,0.0,[1.00000000e+00 1.27658745e-07 6.00218689e-11],[0.00000000e+00 3.55289936e-08 4.87116072e-12],100.0,0.0
5,0.01,72059,2.0,0.0,[1.00000000e+00 2.75432979e-07 6.26113758e-12],[0.00000000e+00 1.17524271e-07 1.29823985e-12],100.0,0.0
6,0.009,89048,2.0,0.0,[1.00000000e+00 3.35286435e-07 5.22499219e-12],[0.00000000e+00 2.75771643e-09 2.24287769e-12],100.0,0.0
