,mesh_size,matrix_dim,mean_cg_it,std_cg_it,mean_residuals,std_residuals,mean_approx_rank,std_approx_rank
0,0.1,686,2.0,0.0,[1.00000000e+00 4.41514119e-07 1.08681800e-09],[0.00000000e+00 3.31372750e-08 1.39340932e-10],100.0,0.0
1,0.09,862,2.0,0.0,[1.00000000e+00 5.01675040e-07 8.72906305e-10],[0.00000000e+00 1.88280065e-07 4.41124818e-12],100.0,0.0
2,0.07,1422,2.0,0.0,[1.00000000e+00 5.82242212e-07 1.40467140e-09],[0.00000000e+00 2.78010554e-07 5.15109007e-10],100.0,0.0
3,0.05,2821,2.0,0.0,[1.00000000e+00 8.86953595e-07 4.76260837e-10],[0.00000000e+00 1.19706511e-07 7.47578507e-11],100.0,0.0
4,0.03,7901,2.0,0.0,[1.00000000e+00 4.85661624e-07 4.22809577e-10],[0.00000000e+00 4.87491110e-08 3.91505963e-11],100.0,0.0
5,0.01,72059,2.0,0.0,[1.00000000e+00 3.63449365e-06 6.35993177e-11],[0.00000000e+00 1.13384900e-06 2.32513445e-12],100.0,0.0
6,0.009,89048,2.0,0.0,[1.00000000e+00 2.39982991e-06 4.91894434e-11],[0.00000000e+00 7.22706607e-07 2.59295357e-12],100.0,0.0
