,mesh_size,matrix_dim,mean_cg_it,std_cg_it,mean_residuals,std_residuals,mean_approx_rank,std_approx_rank
0,0.1,686,1.0,0.0,[1.00000000e+00 8.43333181e-11],[0.00000000e+00 1.17399436e-11],100.0,0.0
1,0.09,862,1.0,0.0,[1.00000000e+00 1.27153399e-10],[0.00000000e+00 3.10817433e-11],100.0,0.0
2,0.07,1422,1.0,0.0,[1.00000000e+00 1.76176129e-10],[0.00000000e+00 2.19262615e-12],100.0,0.0
3,0.05,2821,1.0,0.0,[1.00000000e+00 1.14700804e-10],[0.00000000e+00 1.73424313e-11],100.0,0.0
4,0.03,7901,1.0,0.0,[1.00000000e+00 1.99748384e-10],[0.00000000e+00 2.76334225e-11],100.0,0.0
5,0.01,72059,1.0,0.0,[1.00000000e+00 7.09709846e-10],[0.00000000e+00 1.70830364e-10],100.0,0.0
6,0.009,89048,1.0,0.0,[1.00000000e+00 6.94790003e-10],[0.00000000e+00 2.05545482e-10],100.0,0.0
