,mesh_size,matrix_dim,mean_cg_it,std_cg_it,mean_residuals,std_residuals,mean_approx_rank,std_approx_rank
0,0.1,686,1.0,0.0,[1.00000000e+00 7.02574221e-09],[0.00000000e+00 3.02669237e-09],100.0,0.0
1,0.09,862,1.0,0.0,[1.00000000e+00 7.71755204e-09],[0.00000000e+00 1.80149593e-09],100.0,0.0
2,0.07,1422,1.0,0.0,[1.00000000e+00 5.68496722e-09],[0.0000000e+00 2.8364347e-10],100.0,0.0
3,0.05,2821,1.5,0.5,[1.00000000e+00 1.08029856e-08 5.00000000e-01],[0.00000000e+00 3.17853444e-09 5.77350269e-01],100.0,0.0
4,0.03,7901,1.5,0.5,[1.00000000e+00 1.20660768e-08 5.00000000e-01],[0.00000000e+00 3.04712513e-09 5.77350269e-01],100.0,0.0
5,0.01,72059,2.0,0.0,[1.00000000e+00 2.58359760e-08 8.25868741e-13],[0.00000000e+00 7.33033786e-09 2.07057601e-13],100.0,0.0
6,0.009,89048,2.0,0.0,[1.00000000e+00 3.43308770e-08 5.84654906e-13],[0.00000000e+00 3.23263982e-09 5.19067519e-14],100.0,0.0
